{
  "timestamp": 1756650715.4293625,
  "metrics": {
    "gpu_usage": {
      "utilization": {
        "count": 14,
        "mean": 42.857142857142854,
        "std": 49.48716593053935,
        "min": 0.0,
        "max": 100.0,
        "p25": 0.0,
        "p50": 0.0,
        "p75": 100.0,
        "p90": 100.0,
        "p95": 100.0,
        "p99": 100.0
      }
    },
    "memory_usage": {
      "memory_usage_mb": {
        "count": 8,
        "mean": 4442.3125,
        "std": 2424.005105192644,
        "min": 243.8125,
        "max": 5841.8125,
        "p25": 4442.3125,
        "p50": 5841.8125,
        "p75": 5841.8125,
        "p90": 5841.8125,
        "p95": 5841.8125,
        "p99": 5841.8125
      },
      "gpu_memory_mb": {
        "count": 8,
        "mean": 16384.0,
        "std": 0.0,
        "min": 16384.0,
        "max": 16384.0,
        "p25": 16384.0,
        "p50": 16384.0,
        "p75": 16384.0,
        "p90": 16384.0,
        "p95": 16384.0,
        "p99": 16384.0
      }
    },
    "temperature": {
      "temperature": {
        "count": 14,
        "mean": 19.5,
        "std": 16.96530072151474,
        "min": 0.0,
        "max": 36.0,
        "p25": 0.0,
        "p50": 30.5,
        "p75": 35.0,
        "p90": 35.7,
        "p95": 36.0,
        "p99": 36.0
      }
    },
    "power": {
      "power_draw": {
        "count": 14,
        "mean": 34.18385714285714,
        "std": 31.23067384309659,
        "min": 0.0,
        "max": 68.133,
        "p25": 0.0,
        "p50": 37.054500000000004,
        "p75": 66.711,
        "p90": 68.1258,
        "p95": 68.133,
        "p99": 68.133
      }
    },
    "clock_speeds": {
      "graphics_clock": {
        "count": 6,
        "mean": 0.0,
        "std": 0.0,
        "min": 0.0,
        "max": 0.0,
        "p25": 0.0,
        "p50": 0.0,
        "p75": 0.0,
        "p90": 0.0,
        "p95": 0.0,
        "p99": 0.0
      },
      "memory_clock": {
        "count": 6,
        "mean": 0.0,
        "std": 0.0,
        "min": 0.0,
        "max": 0.0,
        "p25": 0.0,
        "p50": 0.0,
        "p75": 0.0,
        "p90": 0.0,
        "p95": 0.0,
        "p99": 0.0
      }
    }
  },
  "raw_samples": {
    "gpu_usage": [
      {
        "utilization": 0.0,
        "timestamp": "2025-08-31T14:28:14.808762"
      },
      {
        "stage": "baseline",
        "timestamp": 1756650497.0073805,
        "gpu_index": 1,
        "utilization": 0.0
      },
      {
        "utilization": 0.0,
        "timestamp": "2025-08-31T14:28:17.023662"
      },
      {
        "utilization": 0.0,
        "timestamp": "2025-08-31T14:28:17.027828"
      },
      {
        "stage": "post",
        "timestamp": 1756650528.0786238,
        "gpu_index": 0,
        "utilization": 100.0
      },
      {
        "stage": "baseline",
        "timestamp": 1756650528.0786238,
        "gpu_index": 0,
        "utilization": 100.0
      },
      {
        "stage": "post",
        "timestamp": 1756650532.5712004,
        "gpu_index": 1,
        "utilization": 100.0
      },
      {
        "stage": "baseline",
        "timestamp": 1756650532.5712004,
        "gpu_index": 1,
        "utilization": 100.0
      },
      {
        "stage": "post",
        "timestamp": 1756650563.3963,
        "gpu_index": 0,
        "utilization": 100.0
      },
      {
        "stage": "post",
        "timestamp": 1756650567.9812486,
        "gpu_index": 1,
        "utilization": 100.0
      }
    ],
    "memory_usage": [
      {
        "stage": "baseline",
        "timestamp": 1756650490.517798,
        "gpu_index": 0,
        "memory_usage_mb": 243.8125,
        "gpu_memory_mb": 16384.0
      },
      {
        "stage": "baseline",
        "timestamp": 1756650497.0073805,
        "gpu_index": 1,
        "memory_usage_mb": 243.8125,
        "gpu_memory_mb": 16384.0
      },
      {
        "stage": "post",
        "timestamp": 1756650528.0786238,
        "gpu_index": 0,
        "memory_usage_mb": 5841.8125,
        "gpu_memory_mb": 16384.0
      },
      {
        "stage": "baseline",
        "timestamp": 1756650528.0786238,
        "gpu_index": 0,
        "memory_usage_mb": 5841.8125,
        "gpu_memory_mb": 16384.0
      },
      {
        "stage": "post",
        "timestamp": 1756650532.5712004,
        "gpu_index": 1,
        "memory_usage_mb": 5841.8125,
        "gpu_memory_mb": 16384.0
      },
      {
        "stage": "baseline",
        "timestamp": 1756650532.5712004,
        "gpu_index": 1,
        "memory_usage_mb": 5841.8125,
        "gpu_memory_mb": 16384.0
      },
      {
        "stage": "post",
        "timestamp": 1756650563.3963,
        "gpu_index": 0,
        "memory_usage_mb": 5841.8125,
        "gpu_memory_mb": 16384.0
      },
      {
        "stage": "post",
        "timestamp": 1756650567.9812486,
        "gpu_index": 1,
        "memory_usage_mb": 5841.8125,
        "gpu_memory_mb": 16384.0
      }
    ],
    "temperature": [
      {
        "temperature": 0.0,
        "timestamp": "2025-08-31T14:28:14.809900"
      },
      {
        "stage": "baseline",
        "timestamp": 1756650497.0073805,
        "gpu_index": 1,
        "temperature": 30.0
      },
      {
        "temperature": 0.0,
        "timestamp": "2025-08-31T14:28:17.029338"
      },
      {
        "temperature": 0.0,
        "timestamp": "2025-08-31T14:28:17.035985"
      },
      {
        "stage": "post",
        "timestamp": 1756650528.0786238,
        "gpu_index": 0,
        "temperature": 36.0
      },
      {
        "stage": "baseline",
        "timestamp": 1756650528.0786238,
        "gpu_index": 0,
        "temperature": 36.0
      },
      {
        "stage": "post",
        "timestamp": 1756650532.5712004,
        "gpu_index": 1,
        "temperature": 35.0
      },
      {
        "stage": "baseline",
        "timestamp": 1756650532.5712004,
        "gpu_index": 1,
        "temperature": 35.0
      },
      {
        "stage": "post",
        "timestamp": 1756650563.3963,
        "gpu_index": 0,
        "temperature": 35.0
      },
      {
        "stage": "post",
        "timestamp": 1756650567.9812486,
        "gpu_index": 1,
        "temperature": 35.0
      }
    ],
    "power": [
      {
        "power_draw": 0.0,
        "timestamp": "2025-08-31T14:28:14.809350"
      },
      {
        "stage": "baseline",
        "timestamp": 1756650497.0073805,
        "gpu_index": 1,
        "power_draw": 36.958
      },
      {
        "power_draw": 0.0,
        "timestamp": "2025-08-31T14:28:17.028550"
      },
      {
        "power_draw": 0.0,
        "timestamp": "2025-08-31T14:28:17.031354"
      },
      {
        "stage": "post",
        "timestamp": 1756650528.0786238,
        "gpu_index": 0,
        "power_draw": 66.711
      },
      {
        "stage": "baseline",
        "timestamp": 1756650528.0786238,
        "gpu_index": 0,
        "power_draw": 66.711
      },
      {
        "stage": "post",
        "timestamp": 1756650532.5712004,
        "gpu_index": 1,
        "power_draw": 68.133
      },
      {
        "stage": "baseline",
        "timestamp": 1756650532.5712004,
        "gpu_index": 1,
        "power_draw": 68.133
      },
      {
        "stage": "post",
        "timestamp": 1756650563.3963,
        "gpu_index": 0,
        "power_draw": 66.668
      },
      {
        "stage": "post",
        "timestamp": 1756650567.9812486,
        "gpu_index": 1,
        "power_draw": 68.109
      }
    ],
    "clock_speeds": [
      {
        "graphics_clock": 0,
        "memory_clock": 0,
        "timestamp": "2025-08-31T14:28:08.296913"
      },
      {
        "graphics_clock": 0,
        "memory_clock": 0,
        "timestamp": "2025-08-31T14:28:10.528669"
      },
      {
        "graphics_clock": 0,
        "memory_clock": 0,
        "timestamp": "2025-08-31T14:28:10.531218"
      },
      {
        "graphics_clock": 0,
        "memory_clock": 0,