{
  "samples": 120,
  "mean_target_ms": 22.5,
  "std_target_ms": 5.5,
  "percentiles": {
    "p50": 22.99331148969941,
    "p95": 30.40915396704804,
    "p99": 34.957028761855334,
    "mean": 22.902650551501818,
    "min": 8.16086700069718,
    "max": 35.420355008682236
  },
  "note": "synthetic data placeholder"
}